username;password
usertest1;usertest1
usertest2;usertest2
usertest3;usertest3
usertest4;usertest4
usertest5;usertest5
usertest6;usertest6
usertest7;usertest7
usertest8;usertest8
usertest9;usertest9
usertest10;usertest10
usertest11;usertest11
usertest12;usertest12
usertest13;usertest13
usertest14;usertest14
usertest15;usertest15
usertest16;usertest16
usertest17;usertest17
usertest18;usertest18
usertest19;usertest19
usertest20;usertest20
usertest21;usertest21
usertest22;usertest22
usertest23;usertest23
usertest24;usertest24
usertest25;usertest25
usertest26;usertest26
usertest27;usertest27
usertest28;usertest28
usertest29;usertest29
usertest30;usertest30
usertest31;usertest31
usertest32;usertest32
usertest33;usertest33
usertest34;usertest34
usertest35;usertest35
usertest36;usertest36
usertest37;usertest37
usertest38;usertest38
usertest39;usertest39
usertest40;usertest40
usertest41;usertest41
usertest42;usertest42
usertest43;usertest43
usertest44;usertest44
usertest45;usertest45
usertest46;usertest46
usertest47;usertest47
usertest48;usertest48
usertest49;usertest49
usertest50;usertest50
usertest51;usertest51
usertest52;usertest52
usertest53;usertest53
usertest54;usertest54
usertest55;usertest55
usertest56;usertest56
usertest57;usertest57
usertest58;usertest58
usertest59;usertest59
usertest60;usertest60
usertest61;usertest61
usertest62;usertest62
usertest63;usertest63
usertest64;usertest64
usertest65;usertest65
usertest66;usertest66
usertest67;usertest67
usertest68;usertest68
usertest69;usertest69
usertest70;usertest70
usertest71;usertest71
usertest72;usertest72
usertest73;usertest73
usertest74;usertest74
usertest75;usertest75
usertest76;usertest76
usertest77;usertest77
usertest78;usertest78
usertest79;usertest79
usertest80;usertest80
usertest81;usertest81
usertest82;usertest82
usertest83;usertest83
usertest84;usertest84
usertest85;usertest85
usertest86;usertest86
usertest87;usertest87
usertest88;usertest88
usertest89;usertest89
usertest90;usertest90
usertest91;usertest91
usertest92;usertest92
usertest93;usertest93
usertest94;usertest94
usertest95;usertest95
usertest96;usertest96
usertest97;usertest97
usertest98;usertest98
usertest99;usertest99
usertest100;usertest100
usertest101;usertest101
usertest102;usertest102
usertest103;usertest103
usertest104;usertest104
usertest105;usertest105
usertest106;usertest106
usertest107;usertest107
usertest108;usertest108
usertest109;usertest109
usertest110;usertest110
usertest111;usertest111
usertest112;usertest112
usertest113;usertest113
usertest114;usertest114
usertest115;usertest115
usertest116;usertest116
usertest117;usertest117
usertest118;usertest118
usertest119;usertest119
usertest120;usertest120
usertest121;usertest121
usertest122;usertest122
usertest123;usertest123
usertest124;usertest124
usertest125;usertest125
usertest126;usertest126
usertest127;usertest127
usertest128;usertest128
usertest129;usertest129
usertest130;usertest130
usertest131;usertest131
usertest132;usertest132
usertest133;usertest133
usertest134;usertest134
usertest135;usertest135
usertest136;usertest136
usertest137;usertest137
usertest138;usertest138
usertest139;usertest139
usertest140;usertest140
usertest141;usertest141
usertest142;usertest142
usertest143;usertest143
usertest144;usertest144
usertest145;usertest145
usertest146;usertest146
usertest147;usertest147
usertest148;usertest148
usertest149;usertest149
usertest150;usertest150
usertest151;usertest151
usertest152;usertest152
usertest153;usertest153
usertest154;usertest154
usertest155;usertest155
usertest156;usertest156
usertest157;usertest157
usertest158;usertest158
usertest159;usertest159
usertest160;usertest160
usertest161;usertest161
usertest162;usertest162
usertest163;usertest163
usertest164;usertest164
usertest165;usertest165
usertest166;usertest166
usertest167;usertest167
usertest168;usertest168
usertest169;usertest169
usertest170;usertest170
usertest171;usertest171
usertest172;usertest172
usertest173;usertest173
usertest174;usertest174
usertest175;usertest175
usertest176;usertest176
usertest177;usertest177
usertest178;usertest178
usertest179;usertest179
usertest180;usertest180
usertest181;usertest181
usertest182;usertest182
usertest183;usertest183
usertest184;usertest184
usertest185;usertest185
usertest186;usertest186
usertest187;usertest187
usertest188;usertest188
usertest189;usertest189
usertest190;usertest190
usertest191;usertest191
usertest192;usertest192
usertest193;usertest193
usertest194;usertest194
usertest195;usertest195
usertest196;usertest196
usertest197;usertest197
usertest198;usertest198
usertest199;usertest199
usertest200;usertest200
usertest201;usertest201
usertest202;usertest202
usertest203;usertest203
usertest204;usertest204
usertest205;usertest205
usertest206;usertest206
usertest207;usertest207
usertest208;usertest208
usertest209;usertest209
usertest210;usertest210
usertest211;usertest211
usertest212;usertest212
usertest213;usertest213
usertest214;usertest214
usertest215;usertest215
usertest216;usertest216
usertest217;usertest217
usertest218;usertest218
usertest219;usertest219
usertest220;usertest220
usertest221;usertest221
usertest222;usertest222
usertest223;usertest223
usertest224;usertest224
usertest225;usertest225
usertest226;usertest226
usertest227;usertest227
usertest228;usertest228
usertest229;usertest229
usertest230;usertest230
usertest231;usertest231
usertest232;usertest232
usertest233;usertest233
usertest234;usertest234
usertest235;usertest235
usertest236;usertest236
usertest237;usertest237
usertest238;usertest238
usertest239;usertest239
usertest240;usertest240
usertest241;usertest241
usertest242;usertest242
usertest243;usertest243
usertest244;usertest244
usertest245;usertest245
usertest246;usertest246
usertest247;usertest247
usertest248;usertest248
usertest249;usertest249
usertest250;usertest250
usertest251;usertest251
usertest252;usertest252
usertest253;usertest253
usertest254;usertest254
usertest255;usertest255
usertest256;usertest256
usertest257;usertest257
usertest258;usertest258
usertest259;usertest259
usertest260;usertest260
usertest261;usertest261
usertest262;usertest262
usertest263;usertest263
usertest264;usertest264
usertest265;usertest265
usertest266;usertest266
usertest267;usertest267
usertest268;usertest268
usertest269;usertest269
usertest270;usertest270
usertest271;usertest271
usertest272;usertest272
usertest273;usertest273
usertest274;usertest274
usertest275;usertest275
usertest276;usertest276
usertest277;usertest277
usertest278;usertest278
usertest279;usertest279
usertest280;usertest280
usertest281;usertest281
usertest282;usertest282
usertest283;usertest283
usertest284;usertest284
usertest285;usertest285
usertest286;usertest286
usertest287;usertest287
usertest288;usertest288
usertest289;usertest289
usertest290;usertest290
usertest291;usertest291
usertest292;usertest292
usertest293;usertest293
usertest294;usertest294
usertest295;usertest295
usertest296;usertest296
usertest297;usertest297
usertest298;usertest298
usertest299;usertest299
usertest300;usertest300
usertest301;usertest301
usertest302;usertest302
usertest303;usertest303
usertest304;usertest304
usertest305;usertest305
usertest306;usertest306
usertest307;usertest307
usertest308;usertest308
usertest309;usertest309
usertest310;usertest310
usertest311;usertest311
usertest312;usertest312
usertest313;usertest313
usertest314;usertest314
usertest315;usertest315
usertest316;usertest316
usertest317;usertest317
usertest318;usertest318
usertest319;usertest319
usertest320;usertest320
usertest321;usertest321
usertest322;usertest322
usertest323;usertest323
usertest324;usertest324
usertest325;usertest325
usertest326;usertest326
usertest327;usertest327
usertest328;usertest328
usertest329;usertest329
usertest330;usertest330
usertest331;usertest331
usertest332;usertest332
usertest333;usertest333
usertest334;usertest334
usertest335;usertest335
usertest336;usertest336
usertest337;usertest337
usertest338;usertest338
usertest339;usertest339
usertest340;usertest340
usertest341;usertest341
usertest342;usertest342
usertest343;usertest343
usertest344;usertest344
usertest345;usertest345
usertest346;usertest346
usertest347;usertest347
usertest348;usertest348
usertest349;usertest349
usertest350;usertest350
usertest351;usertest351
usertest352;usertest352
usertest353;usertest353
usertest354;usertest354
usertest355;usertest355
usertest356;usertest356
usertest357;usertest357
usertest358;usertest358
usertest359;usertest359
usertest360;usertest360
usertest361;usertest361
usertest362;usertest362
usertest363;usertest363
usertest364;usertest364
usertest365;usertest365
usertest366;usertest366
usertest367;usertest367
usertest368;usertest368
usertest369;usertest369
usertest370;usertest370
usertest371;usertest371
usertest372;usertest372
usertest373;usertest373
usertest374;usertest374
usertest375;usertest375
usertest376;usertest376
usertest377;usertest377
usertest378;usertest378
usertest379;usertest379
usertest380;usertest380
usertest381;usertest381
usertest382;usertest382
usertest383;usertest383
usertest384;usertest384
usertest385;usertest385
usertest386;usertest386
usertest387;usertest387
usertest388;usertest388
usertest389;usertest389
usertest390;usertest390
usertest391;usertest391
usertest392;usertest392
usertest393;usertest393
usertest394;usertest394
usertest395;usertest395
usertest396;usertest396
usertest397;usertest397
usertest398;usertest398
usertest399;usertest399
usertest400;usertest400
usertest401;usertest401
usertest402;usertest402
usertest403;usertest403
usertest404;usertest404
usertest405;usertest405
usertest406;usertest406
usertest407;usertest407
usertest408;usertest408
usertest409;usertest409
usertest410;usertest410
usertest411;usertest411
usertest412;usertest412
usertest413;usertest413
usertest414;usertest414
usertest415;usertest415
usertest416;usertest416
usertest417;usertest417
usertest418;usertest418
usertest419;usertest419
usertest420;usertest420
usertest421;usertest421
usertest422;usertest422
usertest423;usertest423
usertest424;usertest424
usertest425;usertest425
usertest426;usertest426
usertest427;usertest427
usertest428;usertest428
usertest429;usertest429
usertest430;usertest430
usertest431;usertest431
usertest432;usertest432
usertest433;usertest433
usertest434;usertest434
usertest435;usertest435
usertest436;usertest436
usertest437;usertest437
usertest438;usertest438
usertest439;usertest439
usertest440;usertest440
usertest441;usertest441
usertest442;usertest442
usertest443;usertest443
usertest444;usertest444
usertest445;usertest445
usertest446;usertest446
usertest447;usertest447
usertest448;usertest448
usertest449;usertest449
usertest450;usertest450
usertest451;usertest451
usertest452;usertest452
usertest453;usertest453
usertest454;usertest454
usertest455;usertest455
usertest456;usertest456
usertest457;usertest457
usertest458;usertest458
usertest459;usertest459
usertest460;usertest460
usertest461;usertest461
usertest462;usertest462
usertest463;usertest463
usertest464;usertest464
usertest465;usertest465
usertest466;usertest466
usertest467;usertest467
usertest468;usertest468
usertest469;usertest469
usertest470;usertest470
usertest471;usertest471
usertest472;usertest472
usertest473;usertest473
usertest474;usertest474
usertest475;usertest475
usertest476;usertest476
usertest477;usertest477
usertest478;usertest478
usertest479;usertest479
usertest480;usertest480
usertest481;usertest481
usertest482;usertest482
usertest483;usertest483
usertest484;usertest484
usertest485;usertest485
usertest486;usertest486
usertest487;usertest487
usertest488;usertest488
usertest489;usertest489
usertest490;usertest490
usertest491;usertest491
usertest492;usertest492
usertest493;usertest493
usertest494;usertest494
usertest495;usertest495
usertest496;usertest496
usertest497;usertest497
usertest498;usertest498
usertest499;usertest499
usertest500;usertest500
